49139,,49875,,76921,
p95,QPS,target
721.8,44311.1,44474
684.5,28105.3,28050
715.2,77377.7,77462
702.2,19572.9,19562
757.5,32506.7,32567
709.6,94266.8,94128
726.4,49094.5,49139
714.7,56361.6,56493
858.4,60144.9,60261
702.0,18813.6,18823
724.0,49942.3,49875
719.8,76873.6,76921
742.6,48650.5,48632
699.5,92088.8,92186
697.7,94811.0,94892
714.0,61684.2,61466
731.5,36890.9,36918
707.7,60391.4,60450
715.2,62080.9,62129
726.3,69914.4,70032
713.4,67069.8,67031
698.7,79006.3,79094
704.9,93247.7,93161
1034.7,50666.1,50565
794.7,94690.9,94672
894.8,72962.0,72958
941.1,36325.3,36245
973.3,55969.4,55903
878.9,29603.7,29537
724.8,94636.6,94756
768.7,56394.5,56390
795.7,36613.4,36734
742.6,8056.3,8013
906.1,12868.6,12879
1011.1,91665.2,91843
1146.2,25089.8,25138
1066.6,67232.7,67341
798.3,66587.7,66548
919.6,48010.1,48128
768.8,70278.6,70293
732.4,95351.6,95244
739.6,88623.6,88703
841.0,77980.7,77913
751.4,92557.4,92547
741.9,87322.0,87127
732.8,97252.1,97309
1239.9,26561.2,26522
1063.2,57966.8,57925
743.2,94190.8,94301
1036.2,16118.3,16174
1077.4,91971.4,91961
917.2,12298.3,12330
1403.6,85390.5,85402
818.3,76052.4,76109
804.9,76290.5,76331
626.2,5245.1,5251
1193.0,57034.4,57176
1068.8,37885.1,37811
955.7,59155.0,59167
878.6,63046.5,63117
1052.3,43849.9,43634
841.3,74225.3,74233
780.8,98799.1,98870
1300.6,34492.4,34493
982.2,58835.9,58861
909.4,45366.8,45351
860.9,48411.8,48461
794.3,73065.8,73189
1343.2,33098.8,33066
1121.2,13687.4,13642
1361.7,89591.1,89678
1295.8,24259.6,24276
1085.5,19685.8,19711
1079.1,57564.3,57629
913.8,52458.8,52492
761.2,85705.4,85722
1393.3,35874.3,35773
1026.8,18218.7,18216
1026.3,17735.5,17792
1084.9,21231.6,21321
1180.0,43366.1,43459
1389.4,78465.3,78376
748.7,82297.1,82471
1371.4,32147.2,32156
1220.3,25036.1,25052
1071.8,51651.1,51758
741.7,95093.3,95135
845.5,60452.6,60474
787.6,84095.6,83940
979.4,16925.9,16895
1326.0,44366.4,44406
1329.7,27403.2,27430
1192.3,23537.7,23527
1417.8,73123.3,73103
820.4,12388.2,12375
1185.6,86551.1,86589
804.8,77956.9,77992
876.4,88598.4,88488
792.3,76561.8,76444
830.5,10464.6,10419
1440.1,82904.5,82814
631.3,5101.8,5136
981.9,13511.9,13483
1404.5,84639.9,84767
847.8,51691.1,51660
870.1,53529.9,53638
1407.6,47200.3,47055
738.3,93248.6,93440
745.3,74357.5,74276
857.1,54161.1,54128
1209.5,27921.9,27904
906.5,95582.6,95648
1582.4,38655.5,38768
867.1,93707.0,93645
839.2,12873.3,12839
1445.5,79318.8,79174
860.6,13985.9,14022
1091.7,22577.0,22602
902.5,98528.4,98590
793.7,76757.5,76768
1547.9,36961.4,37006
1026.3,17802.4,17772
1365.9,65374.8,65314
770.3,10589.2,10545
825.0,12666.9,12743
1003.3,90091.6,90117
746.2,92358.5,92338
773.2,86777.6,86877
761.4,81541.6,81663
1494.9,36657.8,36609
925.9,88173.4,88262
770.5,81936.3,81879
837.0,58767.2,58709
781.4,66949.7,66887
1687.7,42228.2,42155
1007.8,20191.3,20143
564.2,6335.0,6327
1412.7,79650.9,79869
608.0,5254.4,5213
1218.2,77043.0,76994
1592.4,40805.7,40854
527.3,5653.8,5663
1389.3,32680.1,32604
1642.9,40563.5,40556
997.7,18686.7,18598
824.3,66390.2,66371
588.2,7067.5,7038
789.7,69142.5,69260
1072.6,22796.1,22740
1506.6,48777.8,48864
527.0,5532.1,5528
1429.2,49500.9,49519
699.1,87101.9,87224
909.9,17343.4,17332
1535.0,64135.9,64143
694.9,91150.0,91228
1522.1,42133.8,42174
1465.7,52645.9,52657
843.9,96448.7,96519
1456.8,55316.0,55323
1352.1,64359.2,64262
723.7,94414.8,94399
1555.5,48582.3,48702
1356.2,35037.3,35044
871.9,15446.2,15466
1485.9,56717.4,56851
691.5,88154.4,88125
1729.8,46964.1,46913
876.9,75677.2,75713
705.3,77603.6,77728
946.7,18064.2,18052
947.7,18904.4,18874
1604.1,44377.3,44305
1716.1,49663.5,49726
1366.8,39268.4,39249
568.0,6564.8,6579
1668.9,49270.4,49308
1706.1,48560.1,48516
1237.0,34014.9,33934
1998.6,74256.3,80909
