Time,C0,C1,C2,C3
1621631587704,0.0,0.0,0.0,0.0
1621631587804,0.0,0.0,0.0,0.0
1621631587905,0.0,0.0,0.0,0.0
1621631588005,0.0,0.0,0.0,0.0
1621631588106,0.0,0.0,0.0,0.0
1621631588207,0.0,0.0,0.0,0.0
1621631588307,0.0,0.0,0.0,0.0
1621631588408,0.0,0.0,9.1,0.0
1621631588509,0.0,0.0,0.0,0.0
1621631588609,9.1,0.0,0.0,0.0
1621631588709,0.0,0.0,10.0,0.0
1621631588810,0.0,0.0,0.0,0.0
1621631588910,0.0,0.0,0.0,0.0
1621631589011,10.0,0.0,0.0,0.0
1621631589111,0.0,0.0,0.0,0.0
1621631589212,0.0,0.0,0.0,0.0
1621631589312,0.0,9.1,0.0,0.0
1621631589413,9.1,0.0,9.1,0.0
1621631589513,10.0,9.1,0.0,16.7
1621631589614,0.0,0.0,0.0,0.0
1621631589714,0.0,0.0,0.0,0.0
1621631589815,18.2,10.0,0.0,10.0
1621631589915,0.0,0.0,0.0,0.0
1621631590016,0.0,0.0,9.1,0.0
1621631590116,0.0,0.0,0.0,0.0
1621631590217,0.0,0.0,0.0,0.0
1621631590317,0.0,0.0,0.0,0.0
1621631590418,9.1,0.0,0.0,0.0
1621631590518,0.0,0.0,0.0,0.0
1621631590619,0.0,0.0,0.0,0.0
1621631590719,0.0,0.0,0.0,0.0
1621631590820,11.1,0.0,0.0,0.0
1621631590920,10.0,0.0,9.1,0.0
1621631591021,0.0,0.0,0.0,0.0
1621631591121,0.0,0.0,0.0,0.0
1621631591222,0.0,9.1,0.0,0.0
1621631591322,10.0,9.1,18.2,0.0
1621631591423,18.2,0.0,0.0,0.0
1621631591523,0.0,0.0,0.0,0.0
1621631591624,11.1,0.0,10.0,9.1
1621631591724,0.0,0.0,0.0,0.0
1621631591825,18.2,10.0,9.1,10.0
1621631591925,0.0,0.0,9.1,0.0
1621631592026,0.0,0.0,0.0,0.0
1621631592126,0.0,0.0,0.0,0.0
1621631592227,10.0,0.0,0.0,0.0
1621631592327,0.0,0.0,0.0,9.1
1621631592428,10.0,10.0,0.0,9.1
1621631592528,10.0,0.0,9.1,0.0
1621631592629,0.0,0.0,9.1,0.0
1621631592729,0.0,0.0,0.0,0.0
1621631592830,0.0,0.0,0.0,16.7
1621631592930,0.0,0.0,0.0,0.0
1621631593030,11.1,0.0,0.0,0.0
1621631593131,0.0,0.0,0.0,0.0
1621631593231,0.0,0.0,9.1,9.1
1621631593332,0.0,0.0,0.0,0.0
1621631593432,0.0,0.0,0.0,0.0
1621631593533,0.0,0.0,0.0,0.0
1621631593633,0.0,0.0,0.0,0.0
1621631593734,25.0,0.0,0.0,0.0
1621631593834,11.1,20.0,0.0,11.1
1621631593935,11.1,0.0,0.0,0.0
1621631594035,0.0,0.0,0.0,0.0
1621631594136,10.0,10.0,0.0,0.0
1621631594236,0.0,0.0,0.0,0.0
1621631594337,0.0,0.0,9.1,0.0
1621631594437,0.0,10.0,10.0,0.0
1621631594538,0.0,0.0,0.0,0.0
1621631594638,0.0,0.0,0.0,0.0
1621631594739,0.0,0.0,0.0,0.0
1621631594839,10.0,0.0,0.0,10.0
1621631594940,0.0,0.0,0.0,0.0
1621631595040,0.0,0.0,0.0,9.1
1621631595141,0.0,0.0,0.0,0.0
1621631595241,0.0,0.0,0.0,0.0
1621631595342,0.0,10.0,0.0,0.0
1621631595442,0.0,0.0,0.0,0.0
1621631595543,10.0,0.0,0.0,0.0
1621631595643,0.0,0.0,0.0,0.0
1621631595744,0.0,0.0,0.0,0.0
1621631595844,0.0,0.0,16.7,9.1
1621631595945,0.0,0.0,0.0,0.0
1621631596045,0.0,0.0,0.0,0.0
1621631596145,0.0,0.0,0.0,0.0
1621631596246,0.0,0.0,0.0,0.0
1621631596346,0.0,0.0,0.0,0.0
1621631596447,0.0,0.0,0.0,0.0
1621631596547,0.0,0.0,0.0,0.0
1621631596648,0.0,0.0,0.0,0.0
1621631596748,0.0,0.0,0.0,0.0
1621631596849,0.0,0.0,9.1,0.0
1621631596949,0.0,10.0,0.0,0.0
1621631597050,0.0,9.1,0.0,0.0
1621631597150,0.0,0.0,0.0,9.1
1621631597251,0.0,0.0,0.0,0.0
1621631597351,0.0,0.0,0.0,0.0
1621631597452,10.0,0.0,0.0,0.0
1621631597552,11.1,0.0,0.0,0.0
1621631597653,11.1,0.0,0.0,0.0
1621631597753,20.0,9.1,0.0,18.2
1621631597854,20.0,10.0,18.2,10.0
1621631597955,27.3,0.0,0.0,0.0
1621631598055,0.0,0.0,0.0,0.0
1621631598156,10.0,0.0,0.0,0.0
1621631598256,0.0,0.0,0.0,0.0
1621631598357,0.0,0.0,0.0,0.0
1621631598457,0.0,0.0,0.0,0.0
1621631598558,11.1,0.0,0.0,0.0
1621631598658,11.1,0.0,0.0,0.0
1621631598758,0.0,0.0,0.0,0.0
1621631598859,11.1,0.0,0.0,0.0
1621631598960,0.0,10.0,0.0,0.0
1621631599060,0.0,0.0,0.0,0.0
1621631599161,0.0,0.0,0.0,0.0
1621631599261,0.0,9.1,0.0,0.0
1621631599362,11.1,0.0,0.0,0.0
1621631599462,20.0,20.0,27.3,20.0
1621631599563,11.1,0.0,0.0,0.0
1621631599663,0.0,0.0,0.0,0.0
1621631599764,11.1,0.0,0.0,0.0
1621631599864,20.0,0.0,10.0,18.2
1621631599965,0.0,0.0,0.0,0.0
1621631600065,20.0,0.0,0.0,0.0
1621631600166,0.0,0.0,0.0,0.0
1621631600266,0.0,0.0,0.0,0.0
1621631600366,0.0,10.0,0.0,0.0
1621631600467,0.0,0.0,0.0,0.0
1621631600568,11.1,0.0,0.0,0.0
1621631600668,0.0,0.0,0.0,0.0
1621631600769,0.0,0.0,0.0,0.0
1621631600869,0.0,0.0,0.0,0.0
1621631600969,0.0,0.0,9.1,0.0
1621631601070,20.0,10.0,0.0,0.0
1621631601170,0.0,0.0,0.0,0.0
1621631601271,0.0,0.0,0.0,0.0
1621631601372,20.0,18.2,9.1,10.0
1621631601472,11.1,0.0,0.0,0.0
1621631601573,11.1,0.0,0.0,0.0
1621631601673,0.0,0.0,0.0,0.0
1621631601774,0.0,0.0,0.0,9.1
1621631601874,0.0,0.0,0.0,0.0
1621631601975,27.3,0.0,9.1,9.1
1621631602075,0.0,0.0,0.0,0.0
1621631602176,11.1,10.0,9.1,0.0
1621631602276,11.1,0.0,10.0,0.0
1621631602377,0.0,0.0,0.0,0.0
1621631602477,10.0,0.0,0.0,0.0
1621631602578,0.0,0.0,0.0,0.0
1621631602678,0.0,0.0,0.0,0.0
1621631602779,0.0,0.0,0.0,0.0
1621631602879,0.0,0.0,0.0,0.0
1621631602980,0.0,0.0,0.0,0.0
1621631603080,0.0,0.0,0.0,0.0
1621631603181,0.0,0.0,0.0,0.0
1621631603281,0.0,0.0,0.0,0.0
1621631603382,0.0,0.0,0.0,0.0
1621631603482,0.0,0.0,0.0,0.0
1621631603582,0.0,0.0,0.0,0.0
1621631603683,0.0,0.0,0.0,0.0
1621631603784,11.1,20.0,18.2,10.0
1621631603884,0.0,0.0,9.1,9.1
1621631603985,0.0,0.0,0.0,0.0
1621631604086,0.0,0.0,0.0,0.0
1621631604186,0.0,0.0,0.0,0.0
1621631604287,36.4,0.0,0.0,10.0
1621631604387,42.9,0.0,0.0,0.0
1621631604488,46.2,0.0,0.0,11.1
1621631604588,11.1,0.0,0.0,0.0
1621631604689,11.1,0.0,0.0,0.0
1621631604789,20.0,10.0,16.7,0.0
1621631604890,33.3,0.0,0.0,0.0
1621631604990,27.3,0.0,0.0,0.0
1621631605090,30.0,0.0,0.0,0.0
1621631605191,38.5,0.0,0.0,0.0
1621631605292,20.0,0.0,0.0,0.0
1621631605392,41.7,10.0,10.0,10.0
1621631605493,30.0,10.0,0.0,0.0
1621631605593,27.3,9.1,0.0,0.0
1621631605694,30.0,10.0,0.0,0.0
1621631605794,22.2,0.0,0.0,0.0
1621631605895,27.3,0.0,9.1,0.0
1621631605995,22.2,10.0,0.0,9.1
1621631606096,38.5,0.0,0.0,10.0
1621631606196,38.5,10.0,0.0,0.0
1621631606297,30.0,0.0,0.0,0.0
1621631606397,27.3,0.0,0.0,0.0
1621631606498,36.4,0.0,0.0,0.0
1621631606598,33.3,10.0,9.1,9.1
1621631606699,38.5,0.0,0.0,9.1
1621631606799,22.2,0.0,0.0,0.0
1621631606900,38.5,10.0,0.0,10.0
1621631607000,50.0,10.0,10.0,10.0
1621631607101,41.7,0.0,0.0,0.0
1621631607201,12.5,0.0,9.1,0.0
1621631607302,46.2,0.0,0.0,10.0
1621631607402,30.0,0.0,0.0,0.0
1621631607503,36.4,0.0,9.1,0.0
1621631607603,27.3,0.0,0.0,0.0
1621631607704,41.7,0.0,0.0,0.0
1621631607804,20.0,10.0,10.0,10.0
1621631607905,42.9,0.0,10.0,0.0
1621631608005,12.5,9.1,0.0,0.0
1621631608106,11.1,0.0,0.0,0.0
1621631608206,27.3,18.2,0.0,0.0
1621631608307,22.2,0.0,10.0,10.0
1621631608407,20.0,0.0,0.0,0.0
1621631608508,27.3,0.0,9.1,0.0
1621631608608,12.5,0.0,0.0,0.0
1621631608709,33.3,0.0,10.0,0.0
1621631608809,0.0,0.0,0.0,0.0
1621631608910,27.3,0.0,10.0,0.0
1621631609010,41.7,10.0,9.1,10.0
1621631609110,33.3,0.0,0.0,0.0
1621631609211,20.0,0.0,9.1,0.0
1621631609311,0.0,0.0,0.0,0.0
1621631609412,0.0,0.0,0.0,0.0
1621631609512,10.0,18.2,10.0,10.0
1621631609613,0.0,0.0,0.0,0.0
1621631609713,0.0,0.0,0.0,0.0
1621631609814,0.0,0.0,0.0,0.0
1621631609914,0.0,0.0,0.0,0.0
1621631610015,0.0,0.0,0.0,0.0
1621631610115,9.1,0.0,0.0,0.0
1621631610216,0.0,0.0,0.0,0.0
1621631610316,0.0,0.0,0.0,0.0
1621631610417,0.0,0.0,0.0,0.0
1621631610517,0.0,9.1,0.0,0.0
1621631610618,0.0,0.0,0.0,0.0
1621631610718,0.0,0.0,0.0,0.0
1621631610819,0.0,0.0,0.0,0.0
1621631610919,0.0,9.1,0.0,0.0
1621631611020,25.0,0.0,0.0,0.0
1621631611120,56.3,9.1,10.0,0.0
1621631611221,61.1,0.0,0.0,0.0
1621631611321,60.0,0.0,0.0,0.0
1621631611421,56.3,10.0,9.1,9.1
1621631611522,60.0,9.1,0.0,0.0
1621631611622,56.2,0.0,0.0,0.0
1621631611723,53.3,0.0,0.0,9.1
1621631611823,58.8,0.0,0.0,10.0
1621631611924,62.5,9.1,10.0,10.0
1621631612024,58.8,9.1,10.0,8.3
1621631612125,62.5,0.0,0.0,0.0
1621631612225,56.3,0.0,10.0,0.0
1621631612326,62.5,10.0,10.0,0.0
1621631612426,58.8,9.1,0.0,0.0
1621631612527,56.3,0.0,0.0,0.0
1621631612627,58.8,10.0,0.0,0.0
1621631612728,57.1,9.1,0.0,0.0
1621631612828,61.1,10.0,0.0,0.0
1621631612929,60.0,0.0,0.0,10.0
1621631613029,58.8,9.1,10.0,0.0
1621631613129,53.3,10.0,0.0,0.0
1621631613230,58.8,0.0,0.0,10.0
1621631613330,60.0,10.0,0.0,0.0
1621631613431,61.1,0.0,0.0,10.0
1621631613531,60.0,0.0,0.0,0.0
1621631613632,61.1,9.1,0.0,0.0
1621631613732,60.0,10.0,10.0,0.0
1621631613833,66.7,20.0,18.2,11.1
1621631613933,57.1,10.0,11.1,18.2
1621631614034,58.8,10.0,0.0,0.0
1621631614134,64.7,0.0,0.0,0.0
1621631614235,56.3,10.0,9.1,0.0
1621631614335,58.8,0.0,10.0,0.0
1621631614436,50.0,0.0,0.0,10.0
1621631614536,56.3,9.1,0.0,9.1
1621631614637,60.0,0.0,0.0,10.0
1621631614737,56.3,0.0,10.0,0.0
1621631614838,56.3,0.0,0.0,0.0
1621631614938,58.8,16.7,10.0,0.0
1621631615038,58.8,10.0,0.0,0.0
1621631615139,60.0,9.1,10.0,0.0
1621631615239,53.3,0.0,0.0,0.0
1621631615340,53.3,9.1,0.0,0.0
1621631615441,58.8,10.0,0.0,0.0
1621631615541,58.8,0.0,18.2,0.0
1621631615642,62.5,10.0,0.0,0.0
1621631615742,56.2,0.0,10.0,0.0
1621631615842,53.3,10.0,10.0,0.0
1621631615943,60.0,0.0,10.0,10.0
1621631616043,38.5,0.0,0.0,10.0
1621631616144,0.0,9.1,0.0,0.0
1621631616244,0.0,0.0,0.0,0.0
1621631616345,0.0,0.0,9.1,0.0
1621631616445,0.0,0.0,0.0,0.0
1621631616546,0.0,0.0,0.0,0.0
1621631616646,0.0,0.0,0.0,0.0
1621631616747,0.0,0.0,0.0,0.0
1621631616847,0.0,0.0,0.0,0.0
1621631616948,0.0,9.1,0.0,0.0
1621631617048,0.0,9.1,0.0,9.1
1621631617149,0.0,0.0,0.0,0.0
1621631617249,0.0,0.0,0.0,0.0
1621631617350,0.0,0.0,0.0,0.0
1621631617450,0.0,0.0,0.0,0.0
1621631617551,0.0,0.0,0.0,0.0
1621631617651,0.0,0.0,0.0,0.0
1621631617751,0.0,0.0,0.0,0.0
1621631617852,61.5,9.1,0.0,0.0
1621631617952,62.5,18.2,10.0,0.0
1621631618053,62.5,10.0,10.0,0.0
1621631618153,62.5,18.2,0.0,9.1
1621631618254,62.5,0.0,0.0,18.2
1621631618354,60.0,9.1,0.0,0.0
1621631618455,62.5,10.0,0.0,0.0
1621631618555,66.7,0.0,0.0,0.0
1621631618656,56.3,18.2,0.0,10.0
1621631618756,62.5,9.1,9.1,0.0
1621631618857,62.5,0.0,0.0,0.0
1621631618957,56.3,0.0,0.0,18.2
1621631619058,62.5,10.0,10.0,18.2
1621631619158,64.7,9.1,0.0,0.0
1621631619259,62.5,10.0,0.0,0.0
1621631619359,64.3,10.0,0.0,0.0
1621631619460,58.8,18.2,18.2,10.0
1621631619560,66.7,33.3,20.0,20.0
1621631619661,60.0,10.0,0.0,0.0
1621631619761,58.8,18.2,0.0,11.1
1621631619862,62.5,10.0,10.0,0.0
1621631619962,60.0,18.2,0.0,0.0
1621631620063,62.5,9.1,0.0,0.0
1621631620163,62.5,0.0,9.1,0.0
1621631620263,60.0,0.0,0.0,0.0
1621631620364,64.7,9.1,0.0,10.0
1621631620465,62.5,18.2,10.0,9.1
1621631620565,62.5,10.0,0.0,0.0
1621631620666,62.5,18.2,0.0,0.0
1621631620766,64.7,0.0,0.0,9.1
1621631620866,62.5,10.0,18.2,0.0
1621631620967,60.0,10.0,10.0,0.0
1621631621067,60.0,18.2,10.0,0.0
1621631621168,61.1,9.1,0.0,9.1
1621631621269,60.0,10.0,0.0,0.0
1621631621369,64.7,18.2,0.0,0.0
1621631621470,60.0,10.0,0.0,0.0
1621631621570,62.5,9.1,0.0,0.0
1621631621671,58.8,0.0,10.0,10.0
1621631621771,62.5,18.2,11.1,10.0
1621631621872,60.0,10.0,10.0,0.0
1621631621972,64.7,9.1,0.0,10.0
1621631622073,60.0,10.0,10.0,9.1
1621631622173,61.1,0.0,0.0,10.0
1621631622274,62.5,10.0,0.0,0.0
1621631622374,62.5,0.0,0.0,0.0
1621631622475,62.5,10.0,10.0,0.0
1621631622575,57.1,10.0,0.0,0.0
1621631622676,62.5,0.0,0.0,0.0
1621631622776,56.3,0.0,0.0,0.0
1621631622877,0.0,0.0,0.0,0.0
1621631622977,0.0,0.0,9.1,0.0
1621631623078,0.0,0.0,0.0,0.0
1621631623178,0.0,0.0,0.0,0.0
1621631623278,0.0,0.0,0.0,0.0
1621631623379,0.0,0.0,0.0,0.0
1621631623479,9.1,0.0,0.0,9.1
1621631623580,0.0,0.0,0.0,0.0
1621631623680,0.0,0.0,0.0,0.0
1621631623781,0.0,10.0,11.1,0.0
1621631623881,0.0,0.0,0.0,0.0
1621631623981,0.0,0.0,9.1,0.0
1621631624082,0.0,0.0,0.0,0.0
1621631624182,0.0,0.0,0.0,0.0
1621631624283,0.0,0.0,0.0,0.0
1621631624383,0.0,0.0,0.0,0.0
1621631624484,0.0,9.1,0.0,0.0
1621631624584,38.5,0.0,0.0,0.0
1621631624685,62.5,0.0,0.0,0.0
1621631624785,68.7,18.2,9.1,0.0
1621631624886,60.0,0.0,0.0,0.0
1621631624986,66.7,10.0,0.0,11.1
1621631625087,62.5,0.0,10.0,0.0
1621631625187,66.7,0.0,0.0,10.0
1621631625288,60.0,10.0,0.0,0.0
1621631625388,62.5,0.0,0.0,0.0
1621631625489,62.5,0.0,0.0,0.0
1621631625589,68.8,0.0,0.0,11.1
1621631625690,57.1,10.0,0.0,10.0
1621631625790,64.7,10.0,0.0,11.1
1621631625891,60.0,0.0,10.0,0.0
1621631625991,68.8,30.8,20.0,18.2
1621631626092,62.5,10.0,0.0,0.0
1621631626193,68.8,10.0,10.0,10.0
1621631626293,60.0,0.0,0.0,0.0
1621631626394,68.8,0.0,0.0,0.0
1621631626494,60.0,10.0,0.0,0.0
1621631626595,66.7,0.0,10.0,0.0
1621631626695,64.7,0.0,0.0,0.0
1621631626796,60.0,10.0,0.0,0.0
1621631626896,66.7,10.0,0.0,0.0
1621631626997,70.6,11.1,10.0,20.0
1621631627097,66.7,0.0,0.0,0.0
1621631627198,64.3,9.1,10.0,0.0
1621631627298,68.8,10.0,0.0,0.0
1621631627398,64.3,10.0,0.0,0.0
1621631627499,68.7,10.0,0.0,0.0
1621631627599,60.0,0.0,9.1,10.0
1621631627700,68.8,10.0,0.0,0.0
1621631627801,60.0,18.2,27.3,11.1
1621631627901,64.7,0.0,0.0,0.0
1621631628002,66.7,10.0,10.0,18.2
1621631628102,69.2,0.0,0.0,10.0
1621631628203,68.8,10.0,0.0,0.0
1621631628304,64.3,0.0,0.0,0.0
1621631628404,64.3,10.0,10.0,0.0
1621631628505,68.7,10.0,0.0,0.0
1621631628606,64.3,0.0,0.0,0.0
1621631628706,62.5,10.0,10.0,0.0
1621631628807,66.7,9.1,18.2,10.0
1621631628907,68.8,0.0,0.0,0.0
1621631629008,60.0,0.0,11.1,20.0
1621631629108,66.7,10.0,0.0,0.0
1621631629209,64.7,18.2,0.0,0.0
1621631629309,66.7,10.0,10.0,0.0
1621631629410,62.5,10.0,0.0,0.0
1621631629510,66.7,25.0,11.1,10.0
1621631629611,27.3,18.2,10.0,20.0
1621631629711,0.0,0.0,0.0,0.0
1621631629812,9.1,0.0,0.0,0.0
1621631629912,0.0,0.0,0.0,0.0
1621631630013,0.0,0.0,0.0,10.0
1621631630113,0.0,0.0,0.0,0.0
1621631630214,0.0,0.0,0.0,0.0
1621631630314,0.0,0.0,0.0,0.0
1621631630415,0.0,0.0,0.0,0.0
1621631630515,0.0,0.0,0.0,0.0
1621631630616,0.0,0.0,0.0,0.0
1621631630716,0.0,0.0,0.0,0.0
1621631630817,0.0,0.0,0.0,0.0
1621631630917,0.0,0.0,0.0,0.0
1621631631017,0.0,0.0,0.0,0.0
1621631631118,0.0,0.0,0.0,10.0
1621631631218,0.0,0.0,0.0,0.0
1621631631319,10.0,0.0,0.0,0.0
1621631631419,68.8,11.1,18.2,0.0
1621631631520,71.4,18.2,0.0,0.0
1621631631621,71.4,0.0,0.0,0.0
1621631631721,64.3,10.0,0.0,10.0
1621631631822,68.7,10.0,25.0,0.0
1621631631922,66.7,18.2,0.0,0.0
1621631632023,71.4,11.1,18.2,18.2
1621631632123,66.7,10.0,0.0,0.0
1621631632224,66.7,25.0,0.0,0.0
1621631632325,69.2,10.0,0.0,10.0
1621631632425,73.3,18.2,0.0,0.0
1621631632526,62.5,18.2,0.0,10.0
1621631632626,64.3,10.0,0.0,0.0
1621631632727,68.8,10.0,0.0,0.0
1621631632827,64.3,10.0,10.0,0.0
1621631632928,68.8,10.0,9.1,10.0
1621631633028,68.8,10.0,0.0,10.0
1621631633129,60.0,18.2,0.0,0.0
1621631633229,66.7,10.0,0.0,0.0
1621631633330,68.7,10.0,0.0,0.0
1621631633430,64.3,9.1,0.0,0.0
1621631633531,62.5,0.0,0.0,0.0
1621631633631,66.7,10.0,0.0,10.0
1621631633731,68.8,10.0,10.0,0.0
1621631633832,71.4,33.3,11.1,20.0
1621631633933,66.7,10.0,0.0,10.0
1621631634033,60.0,10.0,10.0,10.0
1621631634134,68.8,10.0,0.0,0.0
1621631634234,66.7,0.0,0.0,0.0
1621631634334,66.7,0.0,0.0,0.0
1621631634435,66.7,0.0,0.0,0.0
1621631634536,66.7,11.1,0.0,11.1
1621631634636,66.7,10.0,0.0,0.0
1621631634737,68.8,18.2,0.0,10.0
1621631634837,64.3,0.0,0.0,0.0
1621631634938,64.3,0.0,0.0,0.0
1621631635038,66.7,10.0,10.0,18.2
1621631635139,73.3,10.0,0.0,0.0
1621631635239,64.3,0.0,0.0,0.0
1621631635340,64.3,18.2,0.0,0.0
1621631635440,68.8,10.0,9.1,10.0
1621631635541,68.8,18.2,0.0,10.0
1621631635641,66.7,0.0,0.0,10.0
1621631635742,64.3,0.0,0.0,0.0
1621631635842,66.7,10.0,0.0,0.0
1621631635943,68.8,10.0,0.0,0.0
1621631636043,64.3,18.2,18.2,0.0
1621631636144,64.7,0.0,0.0,0.0
1621631636245,66.7,0.0,0.0,0.0
1621631636345,46.2,9.1,0.0,0.0
1621631636446,0.0,0.0,0.0,0.0
1621631636546,0.0,0.0,0.0,0.0
1621631636646,0.0,0.0,0.0,0.0
1621631636747,0.0,0.0,0.0,9.1
1621631636847,0.0,0.0,0.0,0.0
1621631636948,10.0,0.0,9.1,0.0
1621631637048,0.0,0.0,10.0,10.0
1621631637149,0.0,0.0,0.0,0.0
1621631637249,0.0,0.0,0.0,0.0
1621631637349,0.0,0.0,0.0,0.0
1621631637450,0.0,0.0,0.0,0.0
1621631637550,0.0,0.0,0.0,9.1
1621631637651,0.0,0.0,0.0,0.0
1621631637751,10.0,0.0,0.0,10.0
1621631637852,0.0,10.0,0.0,0.0
1621631637952,0.0,0.0,0.0,0.0
1621631638053,9.1,0.0,0.0,0.0
1621631638153,53.8,0.0,0.0,0.0
1621631638254,73.3,18.2,10.0,0.0
1621631638354,69.2,18.2,0.0,10.0
1621631638455,73.3,10.0,0.0,0.0
1621631638555,64.3,0.0,0.0,0.0
1621631638656,71.4,10.0,10.0,0.0
1621631638756,68.7,10.0,10.0,10.0
1621631638857,69.2,10.0,0.0,0.0
1621631638957,73.3,18.2,0.0,0.0
1621631639058,66.7,11.1,27.3,0.0
1621631639158,71.4,10.0,10.0,0.0
1621631639259,71.4,10.0,0.0,10.0
1621631639359,64.3,10.0,0.0,10.0
1621631639460,73.3,25.0,10.0,0.0
1621631639560,69.2,11.1,20.0,33.3
1621631639661,73.3,10.0,18.2,0.0
1621631639761,71.4,10.0,0.0,0.0
1621631639862,71.4,0.0,10.0,10.0
1621631639962,66.7,0.0,18.2,0.0
1621631640063,71.4,10.0,10.0,18.2
1621631640163,66.7,0.0,10.0,10.0
1621631640264,69.2,0.0,0.0,18.2
1621631640365,75.0,10.0,0.0,10.0
1621631640465,71.4,10.0,0.0,0.0
1621631640566,66.7,18.2,10.0,10.0
1621631640666,69.2,10.0,0.0,0.0
1621631640766,73.3,0.0,10.0,11.1
1621631640867,66.7,0.0,0.0,0.0
1621631640967,66.7,10.0,0.0,10.0
1621631641068,69.2,10.0,11.1,25.0
1621631641169,73.3,10.0,9.1,0.0
1621631641269,64.3,0.0,0.0,10.0
1621631641370,73.3,0.0,0.0,0.0
1621631641470,71.4,10.0,10.0,11.1
1621631641571,69.2,0.0,0.0,10.0
1621631641671,73.3,10.0,0.0,10.0
1621631641772,73.3,20.0,20.0,11.1
1621631641873,64.3,0.0,0.0,0.0
1621631641973,71.4,10.0,0.0,0.0
1621631642074,69.2,27.3,0.0,10.0
1621631642174,68.8,0.0,0.0,10.0
1621631642275,71.4,10.0,10.0,0.0
1621631642375,66.7,9.1,10.0,10.0
1621631642476,71.4,0.0,0.0,18.2
1621631642576,64.3,10.0,0.0,0.0
1621631642677,69.2,10.0,0.0,10.0
1621631642777,75.0,10.0,0.0,0.0
1621631642878,64.3,18.2,0.0,0.0
1621631642978,71.4,10.0,0.0,10.0
1621631643079,66.7,18.2,10.0,10.0
1621631643179,10.0,9.1,0.0,0.0
1621631643280,0.0,0.0,0.0,0.0
1621631643381,0.0,0.0,0.0,0.0
1621631643481,0.0,0.0,0.0,0.0
1621631643582,0.0,0.0,0.0,0.0
1621631643682,0.0,0.0,0.0,0.0
1621631643782,10.0,0.0,0.0,10.0
1621631643883,0.0,0.0,0.0,0.0
1621631643983,0.0,0.0,0.0,0.0
1621631644084,0.0,0.0,9.1,0.0
1621631644184,0.0,0.0,0.0,0.0
1621631644285,0.0,0.0,0.0,0.0
1621631644385,0.0,0.0,0.0,0.0
1621631644486,0.0,0.0,0.0,0.0
1621631644586,0.0,0.0,0.0,0.0
1621631644687,0.0,0.0,9.1,0.0
1621631644787,0.0,0.0,0.0,0.0
1621631644887,41.7,0.0,0.0,0.0
1621631644988,78.6,0.0,0.0,10.0
1621631645089,69.2,10.0,11.1,27.3
1621631645189,76.9,0.0,0.0,0.0
1621631645290,71.4,0.0,0.0,0.0
1621631645390,78.6,0.0,0.0,0.0
1621631645491,71.4,0.0,0.0,0.0
1621631645591,71.4,25.0,0.0,18.2
1621631645692,76.9,0.0,10.0,0.0
1621631645792,71.4,11.1,10.0,33.3
1621631645893,76.9,0.0,0.0,0.0
1621631645994,75.0,10.0,10.0,18.2
1621631646094,78.6,11.1,11.1,0.0
1621631646195,76.9,0.0,0.0,10.0
1621631646295,78.6,10.0,0.0,11.1
1621631646396,76.9,10.0,0.0,25.0
1621631646497,73.3,0.0,10.0,0.0
1621631646597,76.9,10.0,0.0,0.0
1621631646698,71.4,10.0,0.0,10.0
1621631646798,69.2,0.0,0.0,20.0
1621631646899,73.3,0.0,20.0,0.0
1621631646999,75.0,11.1,0.0,20.0
1621631647100,83.3,18.2,0.0,10.0
1621631647200,78.6,10.0,0.0,0.0
1621631647301,76.9,18.2,0.0,0.0
1621631647401,76.9,10.0,0.0,0.0
1621631647502,71.4,25.0,10.0,0.0
1621631647602,76.9,0.0,0.0,10.0
1621631647703,78.6,0.0,0.0,0.0
1621631647803,75.0,20.0,0.0,0.0
1621631647904,76.9,0.0,0.0,25.0
1621631648004,75.0,10.0,0.0,10.0
1621631648105,73.3,18.2,11.1,10.0
1621631648206,73.3,0.0,0.0,10.0
1621631648306,69.2,0.0,10.0,11.1
1621631648406,71.4,10.0,0.0,18.2
1621631648507,69.2,0.0,10.0,18.2
1621631648607,78.6,27.3,0.0,10.0
1621631648708,71.4,9.1,0.0,10.0
1621631648809,76.9,0.0,0.0,0.0
1621631648909,71.4,0.0,0.0,0.0
1621631649010,71.4,0.0,0.0,11.1
1621631649110,76.9,0.0,11.1,25.0
1621631649211,73.3,10.0,0.0,0.0
1621631649311,69.2,0.0,0.0,0.0
1621631649412,76.9,0.0,0.0,18.2
1621631649513,71.4,10.0,10.0,11.1
1621631649613,69.2,27.3,0.0,20.0
1621631649714,71.4,0.0,10.0,0.0
1621631649814,73.3,10.0,10.0,20.0
1621631649915,20.0,0.0,0.0,9.1
1621631650015,9.1,0.0,0.0,0.0
1621631650115,0.0,9.1,0.0,0.0
1621631650216,0.0,0.0,0.0,0.0
1621631650316,0.0,0.0,0.0,0.0
1621631650417,10.0,0.0,0.0,10.0
1621631650517,0.0,0.0,0.0,0.0
1621631650618,0.0,0.0,0.0,0.0
1621631650718,0.0,0.0,0.0,0.0
1621631650819,0.0,0.0,0.0,0.0
1621631650919,0.0,0.0,0.0,0.0
1621631651020,0.0,0.0,0.0,0.0
1621631651120,0.0,10.0,0.0,9.1
1621631651221,10.0,9.1,0.0,0.0
1621631651321,0.0,0.0,0.0,0.0
1621631651421,0.0,0.0,0.0,0.0
1621631651522,0.0,0.0,0.0,0.0
1621631651622,0.0,0.0,0.0,0.0
1621631651723,78.6,0.0,0.0,0.0
1621631651823,83.3,20.0,0.0,20.0
1621631651924,76.9,0.0,0.0,0.0
1621631652024,76.9,0.0,10.0,0.0
1621631652125,75.0,0.0,0.0,11.1
1621631652226,73.3,10.0,0.0,10.0
1621631652326,76.9,11.1,0.0,0.0
1621631652427,76.9,10.0,0.0,0.0
1621631652527,76.9,0.0,0.0,10.0
1621631652628,76.9,0.0,10.0,11.1
1621631652728,78.6,20.0,11.1,10.0
1621631652829,75.0,18.2,0.0,10.0
1621631652930,73.3,0.0,0.0,0.0
1621631653030,76.9,0.0,0.0,0.0
1621631653131,75.0,27.3,10.0,18.2
1621631653231,78.6,10.0,0.0,11.1
1621631653332,76.9,11.1,0.0,10.0
1621631653433,76.9,10.0,0.0,0.0
1621631653533,71.4,10.0,0.0,0.0
1621631653634,76.9,0.0,0.0,0.0
1621631653734,78.6,0.0,11.1,0.0
1621631653835,75.0,11.1,10.0,20.0
1621631653935,76.9,25.0,18.2,0.0
1621631654036,75.0,20.0,0.0,10.0
1621631654137,78.6,10.0,10.0,10.0
1621631654237,73.3,0.0,10.0,10.0
1621631654338,75.0,10.0,0.0,10.0
1621631654438,76.9,0.0,0.0,0.0
1621631654539,76.9,10.0,0.0,0.0
1621631654639,71.4,0.0,0.0,0.0
1621631654740,78.6,0.0,10.0,20.0
1621631654841,75.0,0.0,0.0,10.0
1621631654941,71.4,0.0,0.0,0.0
1621631655042,76.9,11.1,0.0,10.0
1621631655142,76.9,10.0,0.0,18.2
1621631655243,73.3,0.0,0.0,0.0
1621631655343,76.9,0.0,11.1,0.0
1621631655444,75.0,10.0,0.0,0.0
1621631655544,71.4,10.0,10.0,18.2
1621631655645,78.6,0.0,0.0,0.0
1621631655746,78.6,10.0,0.0,11.1
1621631655846,69.2,0.0,0.0,18.2
1621631655947,75.0,0.0,10.0,0.0
1621631656047,78.6,10.0,0.0,10.0
1621631656148,76.9,0.0,10.0,10.0
1621631656249,71.4,0.0,0.0,18.2
1621631656349,76.9,0.0,0.0,0.0
1621631656450,69.2,0.0,0.0,0.0
1621631656550,80.0,27.3,0.0,10.0
1621631656651,50.0,0.0,0.0,0.0
1621631656751,0.0,0.0,0.0,0.0
1621631656852,0.0,9.1,9.1,0.0
1621631656952,0.0,0.0,0.0,0.0
1621631657053,0.0,0.0,0.0,9.1
1621631657153,10.0,0.0,10.0,10.0
1621631657253,0.0,0.0,0.0,0.0
1621631657354,0.0,0.0,0.0,0.0
1621631657454,0.0,0.0,0.0,0.0
1621631657555,0.0,0.0,0.0,0.0
1621631657655,0.0,0.0,0.0,0.0
1621631657756,0.0,10.0,0.0,0.0
1621631657856,0.0,0.0,0.0,0.0
1621631657957,0.0,0.0,0.0,0.0
1621631658057,0.0,0.0,0.0,0.0
1621631658158,0.0,0.0,0.0,9.1
1621631658258,0.0,0.0,0.0,0.0
1621631658359,0.0,0.0,0.0,0.0
1621631658459,81.8,0.0,0.0,0.0
1621631658560,84.6,9.1,0.0,10.0
1621631658660,83.3,0.0,0.0,0.0
1621631658761,83.3,18.2,10.0,0.0
1621631658862,81.8,0.0,0.0,10.0
1621631658962,80.0,23.1,0.0,10.0
1621631659063,81.8,20.0,10.0,27.3
1621631659163,76.9,0.0,0.0,0.0
1621631659263,83.3,9.1,0.0,0.0
1621631659364,76.9,10.0,0.0,18.2
1621631659465,83.3,0.0,0.0,0.0
1621631659565,78.6,0.0,20.0,10.0
1621631659666,81.8,33.3,10.0,20.0
1621631659766,76.9,0.0,11.1,11.1
1621631659867,76.9,10.0,0.0,0.0
1621631659967,78.6,0.0,0.0,10.0
1621631660068,81.8,18.2,0.0,0.0
1621631660168,78.6,9.1,11.1,0.0
1621631660269,75.0,10.0,0.0,10.0
1621631660369,83.3,9.1,10.0,0.0
1621631660470,84.6,0.0,0.0,0.0
1621631660570,76.9,18.2,0.0,0.0
1621631660671,81.8,9.1,0.0,10.0
1621631660771,76.9,10.0,0.0,0.0
1621631660872,76.9,0.0,0.0,0.0
1621631660972,75.0,18.2,0.0,0.0
1621631661073,78.6,0.0,0.0,10.0
1621631661173,83.3,11.1,10.0,11.1
1621631661274,81.8,9.1,0.0,10.0
1621631661374,76.9,0.0,0.0,10.0
1621631661475,84.6,10.0,0.0,10.0
1621631661575,76.9,9.1,0.0,0.0
1621631661676,76.9,0.0,0.0,0.0
1621631661776,90.9,10.0,11.1,20.0
1621631661877,76.9,9.1,0.0,10.0
1621631661978,83.3,0.0,10.0,0.0
1621631662078,81.8,10.0,0.0,10.0
1621631662179,84.6,0.0,0.0,0.0
1621631662279,83.3,10.0,0.0,0.0
1621631662380,83.3,0.0,0.0,10.0
1621631662480,83.3,0.0,0.0,10.0
1621631662581,76.9,10.0,10.0,10.0
1621631662681,76.9,0.0,0.0,10.0
1621631662782,75.0,18.2,0.0,10.0
1621631662882,78.6,9.1,0.0,0.0
1621631662983,83.3,0.0,0.0,0.0
1621631663083,76.9,9.1,0.0,10.0
1621631663184,84.6,10.0,11.1,10.0
1621631663284,75.0,18.2,0.0,0.0
1621631663385,66.7,0.0,0.0,18.2
1621631663485,10.0,10.0,0.0,0.0
1621631663586,9.1,0.0,0.0,0.0
1621631663686,0.0,0.0,0.0,0.0
1621631663787,0.0,0.0,0.0,0.0
1621631663887,0.0,0.0,9.1,0.0
1621631663988,0.0,0.0,0.0,9.1
1621631664088,0.0,0.0,0.0,0.0
1621631664189,9.1,0.0,9.1,0.0
1621631664289,0.0,0.0,0.0,0.0
1621631664389,0.0,0.0,0.0,0.0
1621631664490,0.0,0.0,0.0,0.0
1621631664590,9.1,0.0,0.0,9.1
1621631664691,0.0,0.0,0.0,0.0
1621631664791,0.0,0.0,0.0,0.0
1621631664892,0.0,0.0,0.0,0.0
1621631664992,0.0,0.0,0.0,9.1
1621631665093,0.0,0.0,0.0,0.0
1621631665193,60.0,10.0,11.1,0.0
1621631665294,81.8,11.1,0.0,11.1
1621631665394,84.6,10.0,0.0,20.0
1621631665495,90.0,0.0,0.0,0.0
1621631665595,76.9,10.0,10.0,18.2
1621631665696,84.6,0.0,0.0,11.1
1621631665796,81.8,20.0,10.0,11.1
1621631665897,83.3,0.0,0.0,10.0
1621631665998,84.6,0.0,10.0,11.1
1621631666098,83.3,11.1,0.0,0.0
1621631666199,81.8,0.0,0.0,0.0
1621631666299,76.9,10.0,0.0,0.0
1621631666400,84.6,10.0,10.0,10.0
1621631666500,83.3,0.0,0.0,18.2
1621631666601,76.9,0.0,0.0,10.0
1621631666702,83.3,0.0,0.0,0.0
1621631666802,81.8,10.0,0.0,0.0
1621631666902,83.3,0.0,0.0,10.0
1621631667003,83.3,27.3,0.0,11.1
1621631667104,90.9,10.0,10.0,10.0
1621631667204,85.7,11.1,11.1,10.0
1621631667305,81.8,0.0,0.0,0.0
1621631667405,83.3,18.2,0.0,20.0
1621631667506,83.3,18.2,10.0,0.0
1621631667606,83.3,0.0,0.0,0.0
1621631667707,75.0,10.0,11.1,0.0
1621631667807,84.6,30.8,20.0,12.5
1621631667908,83.3,0.0,0.0,10.0
1621631668009,83.3,10.0,0.0,0.0
1621631668109,83.3,18.2,0.0,25.0
1621631668210,83.3,10.0,0.0,11.1
1621631668310,90.9,0.0,0.0,0.0
1621631668411,90.9,0.0,10.0,0.0
1621631668512,84.6,0.0,0.0,11.1
1621631668612,81.8,10.0,0.0,10.0
1621631668713,84.6,0.0,0.0,0.0
1621631668814,83.3,18.2,0.0,10.0
1621631668914,83.3,10.0,11.1,0.0
1621631669015,81.8,10.0,0.0,10.0
1621631669115,83.3,12.5,0.0,27.3
1621631669216,84.6,0.0,0.0,18.2
1621631669316,83.3,0.0,0.0,11.1
1621631669417,83.3,10.0,0.0,0.0
1621631669518,76.9,18.2,0.0,10.0
1621631669618,83.3,10.0,18.2,0.0
1621631669719,83.3,22.2,0.0,27.3
1621631669819,83.3,18.2,20.0,10.0
1621631669920,84.6,10.0,0.0,11.1
1621631670021,81.8,10.0,0.0,0.0
1621631670121,83.3,0.0,0.0,10.0
1621631670222,18.2,18.2,10.0,10.0
1621631670322,0.0,0.0,0.0,0.0
1621631670423,0.0,0.0,0.0,0.0
1621631670523,0.0,0.0,0.0,0.0
1621631670624,0.0,0.0,0.0,0.0
1621631670724,0.0,0.0,0.0,0.0
1621631670825,0.0,0.0,0.0,0.0
1621631670925,0.0,0.0,0.0,0.0
1621631671026,0.0,0.0,0.0,0.0
1621631671126,0.0,0.0,9.1,9.1
1621631671227,9.1,0.0,0.0,0.0
1621631671327,0.0,0.0,0.0,0.0
1621631671427,0.0,0.0,0.0,0.0
1621631671528,0.0,0.0,0.0,9.1
1621631671628,0.0,0.0,0.0,0.0
1621631671729,9.1,0.0,0.0,0.0
1621631671829,0.0,18.2,0.0,10.0
1621631671930,54.5,10.0,0.0,0.0
1621631672030,100.0,27.3,0.0,10.0
1621631672131,84.6,11.1,0.0,10.0
1621631672231,90.9,10.0,10.0,10.0
1621631672332,84.6,11.1,0.0,0.0
1621631672433,90.0,0.0,0.0,0.0
1621631672533,83.3,0.0,0.0,10.0
1621631672634,83.3,0.0,0.0,0.0
1621631672735,91.7,0.0,0.0,0.0
1621631672835,90.0,18.2,0.0,10.0
1621631672936,84.6,0.0,0.0,0.0
1621631673036,90.9,10.0,0.0,0.0
1621631673137,83.3,0.0,0.0,0.0
1621631673237,90.0,20.0,11.1,18.2
1621631673338,84.6,0.0,0.0,0.0
1621631673438,83.3,0.0,0.0,0.0
1621631673539,84.6,0.0,0.0,0.0
1621631673639,81.8,0.0,0.0,10.0
1621631673740,91.7,11.1,0.0,10.0
1621631673840,100.0,10.0,0.0,0.0
1621631673941,90.9,0.0,0.0,0.0
1621631674042,83.3,0.0,0.0,10.0
1621631674142,83.3,0.0,0.0,0.0
1621631674243,90.0,25.0,11.1,18.2
1621631674344,83.3,0.0,0.0,0.0
1621631674444,84.6,11.1,0.0,0.0
1621631674545,90.9,30.8,18.2,10.0
1621631674645,83.3,10.0,10.0,10.0
1621631674746,90.9,0.0,0.0,0.0
1621631674846,84.6,11.1,0.0,0.0
1621631674947,90.0,0.0,0.0,0.0
1621631675048,84.6,18.2,0.0,0.0
1621631675148,90.0,0.0,10.0,0.0
1621631675249,84.6,11.1,10.0,18.2
1621631675349,83.3,18.2,0.0,0.0
1621631675450,90.9,0.0,0.0,0.0
1621631675550,83.3,27.3,0.0,0.0
1621631675651,83.3,0.0,0.0,10.0
1621631675751,90.9,18.2,10.0,0.0
1621631675852,83.3,10.0,0.0,0.0
1621631675952,90.9,0.0,11.1,0.0
1621631676053,90.9,18.2,0.0,0.0
1621631676154,81.8,10.0,0.0,0.0
1621631676254,84.6,18.2,0.0,18.2
1621631676355,90.9,11.1,0.0,10.0
1621631676455,90.9,0.0,0.0,0.0
1621631676556,83.3,10.0,0.0,0.0
1621631676656,90.9,10.0,10.0,0.0
1621631676757,84.6,0.0,10.0,0.0
1621631676858,81.8,11.1,0.0,0.0
1621631676958,36.4,16.7,0.0,10.0
1621631677059,0.0,9.1,0.0,0.0
1621631677159,0.0,0.0,0.0,0.0
1621631677260,0.0,0.0,10.0,0.0
1621631677360,10.0,9.1,0.0,0.0
1621631677460,0.0,0.0,0.0,0.0
1621631677561,0.0,9.1,0.0,0.0
1621631677661,0.0,0.0,0.0,0.0
1621631677762,0.0,0.0,0.0,0.0
1621631677862,0.0,0.0,0.0,0.0
1621631677963,0.0,0.0,0.0,0.0
1621631678063,0.0,0.0,0.0,0.0
1621631678164,0.0,0.0,0.0,0.0
1621631678264,0.0,0.0,9.1,0.0
1621631678365,0.0,0.0,0.0,0.0
1621631678465,0.0,0.0,0.0,0.0
1621631678566,0.0,0.0,0.0,0.0
1621631678666,10.0,0.0,0.0,0.0
1621631678767,100.0,10.0,0.0,0.0
1621631678867,90.9,0.0,11.1,0.0
1621631678968,90.9,18.2,0.0,11.1
1621631679068,91.7,0.0,0.0,20.0
1621631679169,90.0,18.2,11.1,0.0
1621631679270,91.7,0.0,0.0,18.2
1621631679370,100.0,18.2,0.0,0.0
1621631679471,90.9,18.2,0.0,10.0
1621631679571,91.7,0.0,18.2,27.3
1621631679672,90.9,33.3,11.1,20.0
1621631679772,90.9,20.0,11.1,11.1
1621631679873,100.0,10.0,0.0,0.0
1621631679973,90.9,20.0,0.0,0.0
1621631680074,83.3,9.1,0.0,10.0
1621631680174,100.0,18.2,0.0,0.0
1621631680275,91.7,20.0,11.1,11.1
1621631680376,90.9,10.0,0.0,10.0
1621631680476,100.0,20.0,30.0,30.0
1621631680577,100.0,10.0,10.0,10.0
1621631680677,90.0,11.1,0.0,11.1
1621631680778,90.9,18.2,0.0,11.1
1621631680878,100.0,0.0,10.0,10.0
1621631680979,91.7,0.0,0.0,11.1
1621631681080,90.0,18.2,11.1,0.0
1621631681181,90.9,0.0,0.0,20.0
1621631681281,90.9,0.0,10.0,0.0
1621631681382,100.0,10.0,0.0,0.0
1621631681483,90.9,10.0,0.0,10.0
1621631681583,100.0,10.0,0.0,0.0
1621631681684,91.7,0.0,11.1,0.0
1621631681784,90.9,20.0,10.0,20.0
1621631681885,100.0,10.0,0.0,10.0
1621631681985,90.0,0.0,0.0,10.0
1621631682086,91.7,10.0,0.0,0.0
1621631682186,90.9,10.0,0.0,0.0
1621631682287,90.9,25.0,0.0,11.1
1621631682387,90.9,10.0,0.0,0.0
1621631682488,90.9,0.0,0.0,10.0
1621631682589,91.7,0.0,0.0,0.0
1621631682689,90.0,0.0,0.0,11.1
1621631682790,100.0,0.0,10.0,0.0
1621631682890,91.7,0.0,11.1,0.0
1621631682991,90.9,0.0,0.0,10.0
1621631683091,90.9,25.0,0.0,0.0
1621631683192,90.9,10.0,0.0,0.0
1621631683293,90.9,18.2,10.0,0.0
1621631683393,90.9,0.0,0.0,10.0
1621631683494,90.9,10.0,11.1,18.2
1621631683594,90.9,10.0,0.0,0.0
1621631683695,55.6,10.0,10.0,0.0
1621631683796,10.0,0.0,9.1,0.0
1621631683896,0.0,0.0,0.0,9.1
1621631683996,0.0,0.0,0.0,0.0
1621631684097,0.0,0.0,0.0,0.0
1621631684197,0.0,0.0,0.0,0.0
1621631684298,0.0,0.0,0.0,0.0
1621631684398,0.0,0.0,0.0,0.0
1621631684499,9.1,0.0,0.0,0.0
1621631684599,0.0,0.0,0.0,0.0
1621631684700,0.0,0.0,0.0,0.0
1621631684800,0.0,0.0,0.0,0.0
1621631684901,0.0,0.0,0.0,0.0
1621631685001,0.0,0.0,0.0,0.0
1621631685102,0.0,0.0,0.0,0.0
1621631685202,0.0,0.0,0.0,0.0
1621631685302,0.0,0.0,0.0,0.0
1621631685403,0.0,0.0,0.0,0.0
1621631685503,100.0,10.0,0.0,10.0
1621631685604,90.9,18.2,0.0,11.1
1621631685704,90.9,18.2,0.0,0.0
1621631685805,100.0,18.2,0.0,20.0
1621631685906,90.9,0.0,0.0,0.0
1621631686006,100.0,10.0,18.2,11.1
1621631686107,90.9,0.0,0.0,0.0
1621631686208,100.0,10.0,9.1,11.1
1621631686308,91.7,10.0,0.0,11.1
1621631686409,90.0,10.0,0.0,0.0
1621631686509,91.7,10.0,0.0,0.0
1621631686610,100.0,0.0,0.0,0.0
1621631686710,90.9,10.0,0.0,11.1
1621631686811,100.0,0.0,0.0,0.0
1621631686912,100.0,10.0,0.0,10.0
1621631687012,100.0,0.0,18.2,20.0
1621631687113,100.0,10.0,0.0,0.0
1621631687213,100.0,10.0,0.0,0.0
1621631687314,100.0,18.2,0.0,20.0
1621631687415,100.0,0.0,0.0,0.0
1621631687515,100.0,18.2,0.0,27.3
1621631687616,100.0,10.0,0.0,10.0
1621631687716,100.0,25.0,0.0,0.0
1621631687817,90.9,27.3,20.0,20.0
1621631687918,100.0,10.0,0.0,0.0
1621631688018,100.0,18.2,0.0,10.0
1621631688119,90.9,10.0,0.0,0.0
1621631688219,100.0,18.2,0.0,0.0
1621631688320,100.0,20.0,11.1,20.0
1621631688421,90.9,16.7,0.0,0.0
1621631688521,100.0,33.3,10.0,0.0
1621631688622,100.0,0.0,0.0,11.1
1621631688722,90.0,25.0,0.0,11.1
1621631688823,100.0,10.0,10.0,11.1
1621631688924,100.0,18.2,10.0,10.0
1621631689024,100.0,0.0,0.0,0.0
1621631689125,100.0,18.2,11.1,11.1
1621631689226,90.9,10.0,10.0,0.0
1621631689326,100.0,0.0,0.0,11.1
1621631689427,90.9,10.0,10.0,0.0
1621631689528,100.0,9.1,10.0,0.0
1621631689628,100.0,33.3,10.0,11.1
1621631689729,91.7,11.1,11.1,20.0
1621631689829,100.0,25.0,0.0,11.1
1621631689930,90.0,0.0,10.0,0.0
1621631690031,90.9,18.2,0.0,11.1
1621631690131,100.0,0.0,10.0,20.0
1621631690232,90.0,0.0,0.0,0.0
1621631690332,100.0,27.3,12.5,12.5
1621631690433,80.0,10.0,10.0,10.0
1621631690533,0.0,0.0,0.0,0.0
1621631690634,0.0,0.0,0.0,0.0
1621631690734,0.0,0.0,0.0,0.0
1621631690835,0.0,0.0,0.0,0.0
1621631690935,0.0,0.0,0.0,0.0
1621631691036,0.0,0.0,0.0,0.0
1621631691136,0.0,0.0,0.0,0.0
1621631691236,0.0,0.0,0.0,0.0
1621631691337,9.1,9.1,9.1,0.0
1621631691437,0.0,0.0,0.0,0.0
1621631691538,0.0,0.0,0.0,0.0
1621631691638,0.0,0.0,0.0,0.0
1621631691739,0.0,0.0,0.0,0.0
1621631691839,0.0,0.0,0.0,0.0
1621631691940,10.0,0.0,9.1,9.1
1621631692040,0.0,0.0,0.0,0.0
1621631692141,9.1,9.1,0.0,0.0
1621631692241,77.8,0.0,0.0,0.0
1621631692342,100.0,0.0,0.0,11.1
1621631692442,100.0,0.0,10.0,0.0
1621631692543,90.9,11.1,0.0,0.0
1621631692643,100.0,0.0,10.0,11.1
1621631692744,90.9,11.1,0.0,0.0
1621631692845,100.0,0.0,9.1,0.0
1621631692945,90.9,0.0,0.0,0.0
1621631693046,91.7,0.0,0.0,0.0
1621631693146,100.0,11.1,0.0,0.0
1621631693247,91.7,11.1,0.0,0.0
1621631693348,90.9,0.0,0.0,0.0
1621631693448,100.0,11.1,18.2,0.0
1621631693549,100.0,0.0,0.0,0.0
1621631693649,90.9,0.0,0.0,11.1
1621631693750,100.0,22.2,10.0,0.0
1621631693851,90.9,0.0,10.0,10.0
1621631693951,100.0,0.0,10.0,0.0
1621631694052,100.0,0.0,0.0,0.0
1621631694152,90.9,11.1,0.0,0.0
1621631694253,90.9,0.0,0.0,0.0
1621631694354,100.0,11.1,0.0,11.1
1621631694455,90.0,0.0,10.0,10.0
1621631694555,100.0,12.5,0.0,0.0
1621631694656,100.0,20.0,18.2,0.0
1621631694757,90.0,0.0,0.0,0.0
1621631694857,100.0,0.0,0.0,0.0
1621631694958,100.0,0.0,0.0,0.0
1621631695058,90.9,11.1,0.0,0.0
1621631695159,100.0,11.1,10.0,11.1
1621631695260,91.7,0.0,0.0,10.0
1621631695360,100.0,11.1,0.0,11.1
1621631695461,100.0,27.3,18.2,11.1
1621631695561,91.7,11.1,0.0,11.1
1621631695662,100.0,0.0,0.0,0.0
1621631695763,91.7,10.0,0.0,11.1
1621631695863,100.0,11.1,16.7,0.0
1621631695964,90.9,0.0,10.0,0.0
1621631696065,100.0,11.1,0.0,0.0
1621631696165,100.0,11.1,0.0,0.0
1621631696266,91.7,11.1,0.0,0.0
1621631696366,100.0,0.0,10.0,18.2
1621631696467,90.9,11.1,0.0,0.0
1621631696568,100.0,10.0,0.0,0.0
1621631696668,90.9,0.0,0.0,0.0
1621631696769,100.0,20.0,10.0,0.0
1621631696869,100.0,11.1,0.0,0.0
1621631696970,100.0,0.0,9.1,11.1
1621631697071,100.0,0.0,10.0,10.0
1621631697171,100.0,20.0,0.0,20.0
1621631697272,10.0,0.0,0.0,0.0
1621631697372,0.0,10.0,0.0,9.1
1621631697473,0.0,0.0,0.0,0.0
1621631697573,0.0,0.0,9.1,0.0
1621631697674,0.0,0.0,0.0,0.0
1621631697774,20.0,10.0,10.0,20.0
1621631697875,0.0,0.0,0.0,0.0
1621631697975,0.0,0.0,0.0,0.0
1621631698075,0.0,0.0,0.0,0.0
1621631698176,9.1,0.0,0.0,0.0
1621631698276,9.1,0.0,0.0,0.0
1621631698377,9.1,0.0,9.1,0.0
1621631698477,0.0,0.0,0.0,0.0
1621631698578,0.0,0.0,0.0,0.0
1621631698678,0.0,0.0,0.0,0.0
1621631698779,0.0,0.0,0.0,0.0
1621631698879,9.1,0.0,0.0,0.0
1621631698980,36.4,0.0,0.0,0.0
1621631699080,100.0,11.1,0.0,0.0
1621631699181,100.0,11.1,22.2,22.2
1621631699282,100.0,0.0,10.0,0.0
1621631699382,100.0,11.1,0.0,0.0
1621631699483,100.0,10.0,10.0,0.0
1621631699584,100.0,25.0,20.0,20.0
1621631699684,100.0,10.0,0.0,0.0
1621631699785,100.0,33.3,11.1,30.0
1621631699886,100.0,0.0,11.1,0.0
1621631699986,100.0,10.0,0.0,0.0
1621631700087,100.0,0.0,0.0,10.0
1621631700188,100.0,10.0,0.0,0.0
1621631700288,100.0,10.0,10.0,0.0
1621631700389,100.0,11.1,11.1,11.1
1621631700490,100.0,0.0,10.0,0.0
1621631700590,100.0,30.8,11.1,0.0
1621631700691,100.0,0.0,0.0,11.1
1621631700792,100.0,0.0,11.1,0.0
1621631700892,100.0,18.2,0.0,0.0
1621631700993,100.0,10.0,10.0,0.0
1621631701093,100.0,20.0,0.0,11.1
1621631701194,100.0,11.1,10.0,0.0
1621631701295,100.0,10.0,0.0,0.0
1621631701395,100.0,0.0,0.0,11.1
1621631701496,100.0,0.0,11.1,10.0
1621631701597,100.0,18.2,10.0,0.0
1621631701697,100.0,30.8,0.0,0.0
1621631701798,100.0,10.0,20.0,11.1
1621631701899,100.0,0.0,10.0,0.0
1621631701999,100.0,10.0,10.0,10.0
1621631702100,100.0,0.0,0.0,0.0
1621631702201,100.0,0.0,0.0,0.0
1621631702301,100.0,0.0,0.0,0.0
1621631702402,100.0,10.0,25.0,0.0
1621631702503,100.0,11.1,18.2,0.0
1621631702603,100.0,10.0,0.0,0.0
1621631702704,100.0,0.0,18.2,0.0
1621631702805,100.0,10.0,0.0,11.1
1621631702905,100.0,10.0,0.0,0.0
1621631703006,100.0,18.2,10.0,0.0
1621631703107,100.0,0.0,0.0,10.0
1621631703207,100.0,10.0,11.1,0.0
1621631703308,100.0,0.0,0.0,0.0
1621631703409,100.0,18.2,10.0,10.0
1621631703509,100.0,18.2,11.1,0.0
1621631703610,100.0,11.1,0.0,11.1
1621631703710,100.0,0.0,0.0,0.0
1621631703811,100.0,18.2,27.3,0.0
1621631703912,100.0,0.0,0.0,10.0
1621631704012,54.5,10.0,0.0,0.0
1621631704113,0.0,0.0,0.0,0.0
1621631704213,0.0,0.0,0.0,0.0
1621631704313,0.0,0.0,0.0,0.0
1621631704414,0.0,0.0,9.1,0.0
1621631704514,0.0,0.0,9.1,0.0
1621631704615,9.1,0.0,0.0,0.0
1621631704715,0.0,0.0,0.0,0.0
1621631704816,0.0,0.0,0.0,0.0
1621631704916,0.0,9.1,0.0,0.0
1621631705017,0.0,0.0,0.0,0.0
1621631705117,0.0,0.0,0.0,0.0
1621631705218,0.0,0.0,0.0,0.0
1621631705318,0.0,0.0,0.0,0.0
1621631705418,0.0,0.0,0.0,10.0
1621631705519,9.1,0.0,0.0,0.0
1621631705619,0.0,0.0,0.0,0.0
1621631705720,0.0,0.0,0.0,0.0
1621631705820,100.0,12.5,11.1,11.1
1621631705921,100.0,0.0,0.0,10.0
1621631706022,100.0,11.1,10.0,11.1
1621631706122,100.0,0.0,0.0,0.0
1621631706223,100.0,0.0,11.1,10.0
1621631706324,100.0,0.0,0.0,0.0
1621631706424,100.0,11.1,20.0,0.0
1621631706525,100.0,10.0,0.0,0.0
1621631706625,100.0,0.0,0.0,10.0
1621631706726,100.0,0.0,0.0,0.0
1621631706826,100.0,10.0,0.0,10.0
1621631706927,100.0,11.1,0.0,0.0
1621631707028,100.0,30.0,20.0,27.3
1621631707128,100.0,11.1,11.1,0.0
1621631707229,100.0,10.0,0.0,10.0
1621631707329,100.0,0.0,10.0,0.0
1621631707430,100.0,11.1,11.1,11.1
1621631707531,100.0,0.0,0.0,10.0
1621631707631,100.0,11.1,0.0,0.0
1621631707732,100.0,0.0,10.0,10.0
1621631707833,100.0,20.0,22.2,11.1
1621631707933,100.0,11.1,0.0,0.0
1621631708034,100.0,11.1,0.0,10.0
1621631708135,100.0,0.0,0.0,0.0
1621631708235,100.0,11.1,0.0,0.0
1621631708336,100.0,11.1,0.0,0.0
1621631708437,100.0,0.0,0.0,20.0
1621631708537,100.0,10.0,0.0,0.0
1621631708638,100.0,11.1,18.2,10.0
1621631708739,100.0,0.0,0.0,0.0
1621631708839,100.0,11.1,0.0,11.1
1621631708940,100.0,0.0,0.0,10.0
1621631709041,100.0,18.2,0.0,10.0
1621631709141,100.0,22.2,22.2,30.0
1621631709242,100.0,0.0,0.0,10.0
1621631709343,100.0,0.0,10.0,10.0
1621631709443,100.0,20.0,0.0,0.0
1621631709544,100.0,0.0,11.1,10.0
1621631709644,100.0,11.1,10.0,20.0
1621631709745,100.0,0.0,11.1,20.0
1621631709845,100.0,27.3,20.0,0.0
1621631709946,100.0,0.0,0.0,0.0
1621631710047,100.0,0.0,0.0,10.0
1621631710147,100.0,20.0,0.0,0.0
1621631710248,100.0,0.0,0.0,0.0
1621631710348,100.0,0.0,0.0,11.1
1621631710449,100.0,20.0,20.0,18.2
1621631710550,100.0,11.1,0.0,0.0
1621631710650,100.0,20.0,0.0,11.1
1621631710751,80.0,0.0,10.0,0.0
1621631710851,0.0,0.0,0.0,0.0
1621631710952,0.0,0.0,0.0,0.0
1621631711052,0.0,0.0,0.0,9.1
1621631711153,0.0,0.0,0.0,0.0
1621631711253,0.0,0.0,0.0,0.0
1621631711354,0.0,0.0,0.0,0.0
1621631711454,0.0,0.0,9.1,0.0
1621631711555,0.0,0.0,0.0,0.0
1621631711656,0.0,0.0,0.0,0.0
1621631711756,9.1,0.0,0.0,0.0
1621631711857,0.0,0.0,0.0,0.0
1621631711957,0.0,0.0,0.0,0.0
1621631712058,0.0,0.0,0.0,0.0
1621631712158,0.0,0.0,0.0,0.0
1621631712259,0.0,0.0,0.0,0.0
1621631712359,0.0,0.0,0.0,0.0
1621631712460,10.0,10.0,0.0,0.0
1621631712560,70.0,10.0,0.0,0.0
1621631712661,100.0,10.0,0.0,0.0
1621631712761,100.0,11.1,11.1,0.0
1621631712862,100.0,0.0,0.0,0.0
1621631712963,100.0,11.1,0.0,11.1
1621631713063,100.0,18.2,0.0,0.0
1621631713164,100.0,0.0,0.0,0.0
1621631713264,100.0,10.0,0.0,0.0
1621631713365,100.0,10.0,0.0,0.0
1621631713466,100.0,20.0,11.1,20.0
1621631713566,100.0,0.0,10.0,0.0
1621631713667,100.0,25.0,0.0,0.0
1621631713768,100.0,22.2,27.3,20.0
1621631713868,100.0,10.0,0.0,10.0
1621631713969,100.0,25.0,0.0,18.2
1621631714069,100.0,11.1,0.0,0.0
1621631714170,100.0,10.0,0.0,0.0
1621631714271,100.0,10.0,0.0,0.0
1621631714371,100.0,27.3,0.0,0.0
1621631714472,100.0,18.2,0.0,0.0
1621631714573,100.0,10.0,0.0,11.1
1621631714673,100.0,11.1,20.0,0.0
1621631714774,100.0,18.2,0.0,0.0
1621631714874,100.0,11.1,0.0,0.0
1621631714975,100.0,10.0,0.0,0.0
1621631715076,100.0,11.1,0.0,0.0
1621631715176,100.0,10.0,0.0,0.0
1621631715277,100.0,18.2,0.0,0.0
1621631715378,100.0,11.1,0.0,0.0
1621631715478,100.0,25.0,11.1,11.1
1621631715579,100.0,18.2,10.0,10.0
1621631715679,100.0,25.0,0.0,22.2
1621631715780,100.0,11.1,27.3,11.1
1621631715881,100.0,10.0,0.0,0.0
1621631715981,100.0,18.2,0.0,0.0
1621631716082,100.0,11.1,0.0,0.0
1621631716183,100.0,10.0,0.0,0.0
1621631716283,100.0,10.0,0.0,10.0
1621631716384,100.0,20.0,0.0,0.0
1621631716484,100.0,18.2,0.0,11.1
1621631716585,100.0,11.1,0.0,0.0
1621631716686,100.0,10.0,0.0,10.0
1621631716786,100.0,18.2,0.0,0.0
1621631716887,100.0,10.0,0.0,0.0
1621631716988,100.0,27.3,20.0,11.1
1621631717088,100.0,20.0,10.0,0.0
1621631717189,100.0,10.0,0.0,0.0
1621631717290,100.0,0.0,0.0,0.0
1621631717390,100.0,33.3,10.0,10.0
1621631717491,100.0,18.2,0.0,20.0
1621631717591,11.1,9.1,0.0,0.0
1621631717692,0.0,0.0,0.0,0.0
1621631717792,0.0,0.0,10.0,10.0
1621631717893,0.0,0.0,0.0,0.0
1621631717993,0.0,0.0,0.0,0.0
1621631718094,0.0,0.0,0.0,0.0
1621631718194,0.0,0.0,0.0,0.0
1621631718295,0.0,0.0,0.0,0.0
1621631718395,0.0,0.0,0.0,0.0
1621631718496,0.0,0.0,0.0,0.0
1621631718596,0.0,0.0,0.0,0.0
1621631718697,0.0,0.0,0.0,0.0
1621631718797,0.0,0.0,0.0,0.0
1621631718898,0.0,0.0,0.0,0.0
1621631718998,0.0,0.0,0.0,0.0
1621631719098,0.0,0.0,0.0,0.0
1621631719199,10.0,12.5,20.0,10.0
1621631719299,50.0,0.0,0.0,0.0
1621631719400,100.0,0.0,0.0,0.0
1621631719501,100.0,20.0,11.1,20.0
1621631719601,100.0,20.0,0.0,11.1
1621631719702,100.0,20.0,0.0,11.1
1621631719802,100.0,36.4,33.3,30.0
1621631719903,100.0,11.1,10.0,10.0
1621631720004,100.0,10.0,0.0,0.0
1621631720104,100.0,0.0,0.0,0.0
1621631720205,100.0,10.0,0.0,0.0
1621631720305,100.0,11.1,0.0,0.0
1621631720406,100.0,18.2,18.2,0.0
1621631720506,100.0,20.0,10.0,10.0
1621631720607,100.0,18.2,0.0,0.0
1621631720708,100.0,20.0,0.0,0.0
1621631720808,100.0,0.0,10.0,0.0
1621631720909,100.0,11.1,0.0,0.0
1621631721009,100.0,10.0,0.0,0.0
1621631721110,100.0,20.0,0.0,20.0
1621631721211,100.0,11.1,0.0,0.0
1621631721311,100.0,18.2,0.0,0.0
1621631721412,100.0,11.1,0.0,0.0
1621631721513,100.0,18.2,0.0,10.0
1621631721613,100.0,0.0,10.0,0.0
1621631721714,100.0,10.0,0.0,0.0
1621631721814,100.0,20.0,10.0,20.0
1621631721915,100.0,0.0,10.0,0.0
1621631722015,100.0,11.1,0.0,0.0
1621631722116,100.0,10.0,0.0,0.0
1621631722217,100.0,10.0,0.0,11.1
1621631722317,100.0,20.0,0.0,10.0
1621631722418,100.0,18.2,0.0,0.0
1621631722518,100.0,11.1,0.0,0.0
1621631722619,100.0,10.0,0.0,10.0
1621631722720,100.0,11.1,0.0,0.0
1621631722820,100.0,10.0,10.0,0.0
1621631722921,100.0,20.0,0.0,0.0
1621631723021,100.0,10.0,0.0,0.0
1621631723122,100.0,11.1,0.0,0.0
1621631723222,100.0,10.0,0.0,0.0
1621631723323,100.0,11.1,0.0,0.0
1621631723424,100.0,10.0,0.0,0.0
1621631723524,100.0,20.0,10.0,0.0
1621631723625,100.0,18.2,0.0,0.0
1621631723726,100.0,20.0,10.0,0.0
1621631723826,100.0,33.3,0.0,18.2
1621631723927,100.0,10.0,0.0,10.0
1621631724028,100.0,20.0,0.0,0.0
1621631724128,100.0,0.0,10.0,0.0
1621631724229,100.0,0.0,0.0,0.0
1621631724329,41.7,10.0,0.0,0.0
1621631724430,0.0,0.0,0.0,0.0
1621631724531,0.0,9.1,0.0,0.0
1621631724631,0.0,9.1,0.0,9.1
1621631724731,0.0,0.0,0.0,0.0
1621631724832,0.0,0.0,0.0,0.0
1621631724933,0.0,0.0,0.0,0.0
1621631725033,0.0,0.0,0.0,0.0
1621631725134,0.0,0.0,0.0,0.0
1621631725234,0.0,0.0,0.0,0.0
1621631725334,0.0,0.0,0.0,9.1
1621631725435,0.0,0.0,0.0,0.0
1621631725535,0.0,0.0,9.1,9.1
1621631725636,0.0,9.1,0.0,0.0
1621631725736,0.0,0.0,0.0,0.0
1621631725837,0.0,0.0,18.2,0.0
1621631725938,0.0,0.0,0.0,0.0
1621631726038,0.0,0.0,0.0,0.0
1621631726139,0.0,0.0,0.0,0.0
1621631726239,0.0,0.0,0.0,0.0
1621631726340,0.0,0.0,0.0,0.0
1621631726440,0.0,0.0,0.0,0.0
1621631726541,0.0,0.0,0.0,0.0
1621631726641,0.0,0.0,0.0,0.0
1621631726742,0.0,0.0,0.0,0.0
1621631726842,0.0,0.0,0.0,0.0
1621631726943,0.0,10.0,0.0,9.1
1621631727043,0.0,0.0,0.0,0.0
1621631727144,0.0,0.0,0.0,0.0
1621631727244,0.0,0.0,0.0,0.0
1621631727345,0.0,0.0,0.0,0.0
1621631727445,0.0,0.0,0.0,0.0
1621631727545,0.0,9.1,0.0,0.0
1621631727646,0.0,0.0,9.1,0.0
1621631727746,9.1,9.1,0.0,0.0
1621631727847,0.0,10.0,0.0,0.0
